,property_link
0,https://www.abodo.com/ann-arbor-mi/400-maynard-apartments
1,https://www.abodo.com/ann-arbor-mi/403-church-st
2,https://www.abodo.com/ann-arbor-mi/601-e-william-st
3,https://www.abodo.com/ann-arbor-mi/555-e-william-st-apt-16g
4,https://www.abodo.com/ann-arbor-mi/415-church-st
5,https://www.abodo.com/ann-arbor-mi/ann-arbor-tower-plaza-555-e-william-5e
6,https://www.abodo.com/ann-arbor-mi/ann-arbor-tower-plaza-555-e-william-14j
7,https://www.abodo.com/ann-arbor-mi/ann-arbor-tower-plaza-555-e-william-3h
8,https://www.abodo.com/ann-arbor-mi/ann-arbor-tower-plaza-555-e-william-9d
9,https://www.abodo.com/ann-arbor-mi/ann-arbor-tower-plaza-555-e-william-st-23g
10,https://www.abodo.com/ann-arbor-mi/ann-arbor-tower-plaza-555-e-william-9f
11,https://www.abodo.com/ann-arbor-mi/ann-arbor-tower-plaza-555-e-william-2e
12,https://www.abodo.com/ann-arbor-mi/ann-arbor-tower-plaza-555-e-william-6g
13,https://www.abodo.com/ann-arbor-mi/ann-arbor-tower-plaza-555-e-william-14g
14,https://www.abodo.com/ann-arbor-mi/ann-arbor-tower-plaza-555-e-william-5g
15,https://www.abodo.com/ann-arbor-mi/corner-house-apartments
16,https://www.abodo.com/ann-arbor-mi/zaragon-place
17,https://www.abodo.com/ann-arbor-mi/carriage-house
18,https://www.abodo.com/ann-arbor-mi/zaragon-west
19,https://www.abodo.com/ann-arbor-mi/410-east-william
20,https://www.abodo.com/ann-arbor-mi/properties/3159927
21,https://www.abodo.com/ann-arbor-mi/503-church
22,https://www.abodo.com/ann-arbor-mi/425-church
23,https://www.abodo.com/ann-arbor-mi/411-washtenaw-ave
24,https://www.abodo.com/ann-arbor-mi/507-church-st
25,https://www.abodo.com/ann-arbor-mi/properties/3711725
26,https://www.abodo.com/ann-arbor-mi/414-s-division-st
27,https://www.abodo.com/ann-arbor-mi/university-towers
28,https://www.abodo.com/ann-arbor-mi/324-thompson-st
29,https://www.abodo.com/ann-arbor-mi/332-e-william-st
30,https://www.abodo.com/ann-arbor-mi/409-s-division-st
31,https://www.abodo.com/ann-arbor-mi/335-s-division-st-apt-1
32,https://www.abodo.com/ann-arbor-mi/335-s-division-st-apt-2
33,https://www.abodo.com/ann-arbor-mi/913-east-huron
34,https://www.abodo.com/ann-arbor-mi/611-church-st
35,https://www.abodo.com/ann-arbor-mi/339-s-division-st-apt-5
36,https://www.abodo.com/ann-arbor-mi/907-e-huron-st
37,https://www.abodo.com/ann-arbor-mi/336-s-division-st
38,https://www.abodo.com/ann-arbor-mi/311-thompson-st
39,https://www.abodo.com/ann-arbor-mi/306-thompson-st
40,https://www.abodo.com/ann-arbor-mi/south-university
41,https://www.abodo.com/ann-arbor-mi/s-forest-ave
42,https://www.abodo.com/ann-arbor-mi/park-plaza
43,https://www.abodo.com/ann-arbor-mi/209-n-ingalls-st
44,https://www.abodo.com/ann-arbor-mi/115-117-n-thayer
45,https://www.abodo.com/ann-arbor-mi/820-e-ann-st
46,https://www.abodo.com/ann-arbor-mi/1335-geddes-ave
47,https://www.abodo.com/ann-arbor-mi/forum
48,https://www.abodo.com/ann-arbor-mi/114-n-thayer-st
49,https://www.abodo.com/ann-arbor-mi/118-n-ingalls-st
50,https://www.abodo.com/ann-arbor-mi/320-s-division
51,https://www.abodo.com/ann-arbor-mi/420-s-division-st
52,https://www.abodo.com/ann-arbor-mi/1207-willard
53,https://www.abodo.com/ann-arbor-mi/327-s-division-st-apt-1
54,https://www.abodo.com/ann-arbor-mi/327-s-division-st-apt-4
55,https://www.abodo.com/ann-arbor-mi/327-s-division-st-apt-3
56,https://www.abodo.com/ann-arbor-mi/333-s-division-st-apt-8
57,https://www.abodo.com/ann-arbor-mi/109-glen-ave-2
58,https://www.abodo.com/ann-arbor-mi/415-washtenaw-ave
59,https://www.abodo.com/ann-arbor-mi/1346-geddes
60,https://www.abodo.com/ann-arbor-mi/120-n-ingalls-st
61,https://www.abodo.com/ann-arbor-mi/200-n-ingalls-st
62,https://www.abodo.com/ann-arbor-mi/314-e-william-st
63,https://www.abodo.com/ann-arbor-mi/121-glen-ave-apt-1
64,https://www.abodo.com/ann-arbor-mi/1309-wilmot-st
65,https://www.abodo.com/ann-arbor-mi/properties/3760189
66,https://www.abodo.com/ann-arbor-mi/310-e-william
67,https://www.abodo.com/ann-arbor-mi/south-university-avenu
68,https://www.abodo.com/ann-arbor-mi/328-e-willaim-st
69,https://www.abodo.com/ann-arbor-mi/603-e-huron-street
70,https://www.abodo.com/ann-arbor-mi/315-s-division
71,https://www.abodo.com/ann-arbor-mi/1000-e-ann-st-apt-7
72,https://www.abodo.com/ann-arbor-mi/311-s-division-st
73,https://www.abodo.com/ann-arbor-mi/210-n-state
74,https://www.abodo.com/ann-arbor-mi/properties/2246024
75,https://www.abodo.com/ann-arbor-mi/411-lofts
76,https://www.abodo.com/ann-arbor-mi/1020-e-ann-st
77,https://www.abodo.com/ann-arbor-mi/514-monroe-st
78,https://www.abodo.com/ann-arbor-mi/1000-e-ann-st-apt-3
79,https://www.abodo.com/ann-arbor-mi/429-hamilton-pl
80,https://www.abodo.com/ann-arbor-mi/736-s-state-st
81,https://www.abodo.com/ann-arbor-mi/217-n-ingalls-st
82,https://www.abodo.com/ann-arbor-mi/806-catherine-st
83,https://www.abodo.com/ann-arbor-mi/216-n-state
84,https://www.abodo.com/ann-arbor-mi/416-e-huron-st-6
85,https://www.abodo.com/ann-arbor-mi/427-hamilton-pl-1
86,https://www.abodo.com/ann-arbor-mi/602-monroe-st
87,https://www.abodo.com/ann-arbor-mi/802-monroe-st
88,https://www.abodo.com/ann-arbor-mi/427-hamilton-pl-2
89,https://www.abodo.com/ann-arbor-mi/609-e-ann
90,https://www.abodo.com/ann-arbor-mi/701-s-forest-ave
91,https://www.abodo.com/ann-arbor-mi/518-monroe-st
92,https://www.abodo.com/ann-arbor-mi/426-hamilton-pl-apt-1
93,https://www.abodo.com/ann-arbor-mi/301-n-ingalls-st
94,https://www.abodo.com/ann-arbor-mi/1317-wilmot-st
95,https://www.abodo.com/ann-arbor-mi/200-n-state
96,https://www.abodo.com/ann-arbor-mi/322-s-division
97,https://www.abodo.com/ann-arbor-mi/1319-forest-ct
98,https://www.abodo.com/ann-arbor-mi/419-hamilton-pl
99,https://www.abodo.com/ann-arbor-mi/909-e-ann-st
100,https://www.abodo.com/ann-arbor-mi/121-glen-ave-apt-2
101,https://www.abodo.com/ann-arbor-mi/204-n-state
102,https://www.abodo.com/ann-arbor-mi/331-e-jefferson-st
103,https://www.abodo.com/ann-arbor-mi/730-s-state-st
104,https://www.abodo.com/ann-arbor-mi/610-e-ann-st
105,https://www.abodo.com/ann-arbor-mi/1350-geddes-ave
106,https://www.abodo.com/ann-arbor-mi/1027-barton-drive-apartm
107,https://www.abodo.com/ann-arbor-mi/209-n-thayer
108,https://www.abodo.com/ann-arbor-mi/342-e-madison-st
109,https://www.abodo.com/ann-arbor-mi/city-place-ann-arbor
110,https://www.abodo.com/ann-arbor-mi/properties/3017154
111,https://www.abodo.com/ann-arbor-mi/foundry-lofts
112,https://www.abodo.com/ann-arbor-mi/forest-place
113,https://www.abodo.com/ann-arbor-mi/809-catherine-st
114,https://www.abodo.com/ann-arbor-mi/426-packard-st
115,https://www.abodo.com/ann-arbor-mi/315-n-thayer-st
116,https://www.abodo.com/ann-arbor-mi/the-foundry-lofts
117,https://www.abodo.com/ann-arbor-mi/1212-willard-st
118,https://www.abodo.com/ann-arbor-mi/499-e-ann
119,https://www.abodo.com/ann-arbor-mi/732-s-forest-ave
120,https://www.abodo.com/ann-arbor-mi/430-packard-st
121,https://www.abodo.com/ann-arbor-mi/606-s-division-st
122,https://www.abodo.com/ann-arbor-mi/1342-n-university-ct
123,https://www.abodo.com/ann-arbor-mi/523-mack-st
124,https://www.abodo.com/ann-arbor-mi/422-packard-st
125,https://www.abodo.com/ann-arbor-mi/1352-wilmot-ct
126,https://www.abodo.com/ann-arbor-mi/736-s-forest-ave
127,https://www.abodo.com/ann-arbor-mi/502-elm-st
128,https://www.abodo.com/ann-arbor-mi/503-e-ann-st
129,https://www.abodo.com/ann-arbor-mi/501-e-ann
130,https://www.abodo.com/ann-arbor-mi/520-e-ann-st-apt-2
131,https://www.abodo.com/ann-arbor-mi/502-e-ann-st
132,https://www.abodo.com/ann-arbor-mi/503-elm-st-apt-2
133,https://www.abodo.com/ann-arbor-mi/520-e-ann-st-apt-1
134,https://www.abodo.com/ann-arbor-mi/514-e-ann-st-2
135,https://www.abodo.com/ann-arbor-mi/1356-wilmot-ct
136,https://www.abodo.com/ann-arbor-mi/720-catherine-st
137,https://www.abodo.com/ann-arbor-mi/522-elm-st
138,https://www.abodo.com/ann-arbor-mi/503-elm-st-apt-1
139,https://www.abodo.com/ann-arbor-mi/510-e-ann
140,https://www.abodo.com/ann-arbor-mi/1423-s-university-ave
141,https://www.abodo.com/ann-arbor-mi/309-e-jefferson-st-apt-2
142,https://www.abodo.com/ann-arbor-mi/701-catherine-st
143,https://www.abodo.com/ann-arbor-mi/508-e-ann
144,https://www.abodo.com/ann-arbor-mi/322-n-state
145,https://www.abodo.com/ann-arbor-mi/725-church-street
146,https://www.abodo.com/ann-arbor-mi/420-packard-st
147,https://www.abodo.com/ann-arbor-mi/536-elm-st
148,https://www.abodo.com/ann-arbor-mi/804-lawrence-st
149,https://www.abodo.com/ann-arbor-mi/packard-st
150,https://www.abodo.com/ann-arbor-mi/1337-wilmot-court
151,https://www.abodo.com/ann-arbor-mi/554-s-5th-ave
152,https://www.abodo.com/ann-arbor-mi/825-tappan-ave
153,https://www.abodo.com/ann-arbor-mi/618-packard
154,https://www.abodo.com/ann-arbor-mi/624-packard-st
155,https://www.abodo.com/ann-arbor-mi/117-n-division-st
156,https://www.abodo.com/ann-arbor-mi/church-street-apartments
157,https://www.abodo.com/ann-arbor-mi/904-s-state
158,https://www.abodo.com/ann-arbor-mi/411-n-state
159,https://www.abodo.com/ann-arbor-mi/404-n-thayer
160,https://www.abodo.com/ann-arbor-mi/539-packard
161,https://www.abodo.com/ann-arbor-mi/922-s-state-st-apt-7
162,https://www.abodo.com/ann-arbor-mi/605-catherine-st
163,https://www.abodo.com/ann-arbor-mi/1506-geddes
164,https://www.abodo.com/ann-arbor-mi/1502-geddes
165,https://www.abodo.com/ann-arbor-mi/905-church-st
166,https://www.abodo.com/ann-arbor-mi/500-packard-st-apt-2
167,https://www.abodo.com/ann-arbor-mi/630-packard
168,https://www.abodo.com/ann-arbor-mi/808-oakland
169,https://www.abodo.com/ann-arbor-mi/511-hill
170,https://www.abodo.com/ann-arbor-mi/403-n-state-st-1
171,https://www.abodo.com/ann-arbor-mi/705-s-division
172,https://www.abodo.com/ann-arbor-mi/430-s-4th-ave
173,https://www.abodo.com/ann-arbor-mi/517-hill-st
174,https://www.abodo.com/ann-arbor-mi/629-s-division-st
175,https://www.abodo.com/ann-arbor-mi/815-lawrence-st-apt-2
176,https://www.abodo.com/ann-arbor-mi/1500-geddes
177,https://www.abodo.com/ann-arbor-mi/807-lawrence-st
178,https://www.abodo.com/ann-arbor-mi/528-walnut-st
179,https://www.abodo.com/ann-arbor-mi/504-catherine-street
180,https://www.abodo.com/ann-arbor-mi/549-packard-st-2
181,https://www.abodo.com/ann-arbor-mi/701-s-division-st
182,https://www.abodo.com/ann-arbor-mi/601-catherine-st
183,https://www.abodo.com/ann-arbor-mi/515-s-5th-ave
184,https://www.abodo.com/ann-arbor-mi/545-packard-st-1
185,https://www.abodo.com/ann-arbor-mi/335-packard-st
186,https://www.abodo.com/ann-arbor-mi/506-packard-st
187,https://www.abodo.com/ann-arbor-mi/841-e-university
188,https://www.abodo.com/ann-arbor-mi/properties/3691740
189,https://www.abodo.com/ann-arbor-mi/properties/3747904
190,https://www.abodo.com/ann-arbor-mi/530-s-division-st
191,https://www.abodo.com/ann-arbor-mi/508-packard-st
192,https://www.abodo.com/ann-arbor-mi/715-church-st
193,https://www.abodo.com/ann-arbor-mi/300-e-jefferson-st
194,https://www.abodo.com/ann-arbor-mi/602-catherine-st
195,https://www.abodo.com/ann-arbor-mi/802-oakland-ave
196,https://www.abodo.com/ann-arbor-mi/608-packard
197,https://www.abodo.com/ann-arbor-mi/520-hill-st
198,https://www.abodo.com/ann-arbor-mi/603-catherine-st-apt-1
199,https://www.abodo.com/ann-arbor-mi/603-catherine-st-apt-2
200,https://www.abodo.com/ann-arbor-mi/properties/3686288
201,https://www.abodo.com/ann-arbor-mi/200-e-liberty-st-lbby
202,https://www.abodo.com/ann-arbor-mi/411-n-ingalls-st
203,https://www.abodo.com/ann-arbor-mi/geddes-ave
204,https://www.abodo.com/ann-arbor-mi/walnut-ave
205,https://www.abodo.com/ann-arbor-mi/512-packard-street-apt-6
206,https://www.abodo.com/ann-arbor-mi/properties/3711744
207,https://www.abodo.com/ann-arbor-mi/210-s-5th-ave
208,https://www.abodo.com/ann-arbor-mi/808-e-kingsley
209,https://www.abodo.com/ann-arbor-mi/727-e-kingsley-st
210,https://www.abodo.com/ann-arbor-mi/309-packard-st
211,https://www.abodo.com/ann-arbor-mi/508-hill-st
212,https://www.abodo.com/ann-arbor-mi/308-packard-5
213,https://www.abodo.com/ann-arbor-mi/502-n-state-st
214,https://www.abodo.com/ann-arbor-mi/731-packard-st
215,https://www.abodo.com/ann-arbor-mi/928-church-st
216,https://www.abodo.com/ann-arbor-mi/911-s-forest
217,https://www.abodo.com/ann-arbor-mi/525-linden-st
218,https://www.abodo.com/ann-arbor-mi/507-elm-st
219,https://www.abodo.com/ann-arbor-mi/903-mary
220,https://www.abodo.com/ann-arbor-mi/504-lawrence-st-2
221,https://www.abodo.com/ann-arbor-mi/510-lawrence-st-apt-3
222,https://www.abodo.com/ann-arbor-mi/306-e-madison-st
223,https://www.abodo.com/ann-arbor-mi/1018-church-st
224,https://www.abodo.com/ann-arbor-mi/743-packard
225,https://www.abodo.com/ann-arbor-mi/508-lawrence-st-apt-1
226,https://www.abodo.com/ann-arbor-mi/826-tappan-ave
227,https://www.abodo.com/ann-arbor-mi/501-linden-st
228,https://www.abodo.com/ann-arbor-mi/741-packard
229,https://www.abodo.com/ann-arbor-mi/510-lawrence-st-apt-5
230,https://www.abodo.com/ann-arbor-mi/332-john-st
231,https://www.abodo.com/ann-arbor-mi/414-lawrence-st-apt-7
232,https://www.abodo.com/ann-arbor-mi/508-lawrence-st-apt-5
233,https://www.abodo.com/ann-arbor-mi/722-e-kingsley-st
234,https://www.abodo.com/ann-arbor-mi/226-packard
235,https://www.abodo.com/ann-arbor-mi/507-linden-st
236,https://www.abodo.com/ann-arbor-mi/503-hill
237,https://www.abodo.com/ann-arbor-mi/809-mary
238,https://www.abodo.com/ann-arbor-mi/214-e-washington-st
239,https://www.abodo.com/ann-arbor-mi/305-packard
240,https://www.abodo.com/ann-arbor-mi/1016-e-university-ave
241,https://www.abodo.com/ann-arbor-mi/712-e-kingsley-st
242,https://www.abodo.com/ann-arbor-mi/508-lawrence-st-apt-3
243,https://www.abodo.com/ann-arbor-mi/414-lawrence-st-apt-2
244,https://www.abodo.com/ann-arbor-mi/737-packard
245,https://www.abodo.com/ann-arbor-mi/208-n-division
246,https://www.abodo.com/ann-arbor-mi/710-s-division-st
247,https://www.abodo.com/ann-arbor-mi/511-linden-st
248,https://www.abodo.com/ann-arbor-mi/302-e-madison-st
249,https://www.abodo.com/ann-arbor-mi/308-e-madison-st
250,https://www.abodo.com/ann-arbor-mi/510-lawrence-st-apt-4
251,https://www.abodo.com/ann-arbor-mi/812-mary-st
252,https://www.abodo.com/ann-arbor-mi/335-e-ann-st
253,https://www.abodo.com/ann-arbor-mi/1015-e-university-ave
254,https://www.abodo.com/ann-arbor-mi/809-sybil-st
255,https://www.abodo.com/ann-arbor-mi/418-lawrence-st-apt-2
256,https://www.abodo.com/ann-arbor-mi/727-packard-st
257,https://www.abodo.com/ann-arbor-mi/418-lawrence-st-apt-3
258,https://www.abodo.com/ann-arbor-mi/309-e-madison-st
259,https://www.abodo.com/ann-arbor-mi/1026-church-st
260,https://www.abodo.com/ann-arbor-mi/418-lawrence-st-apt-1
261,https://www.abodo.com/ann-arbor-mi/426-hill-st
262,https://www.abodo.com/ann-arbor-mi/510-lawrence-st-7
263,https://www.abodo.com/ann-arbor-mi/lawrence-st
264,https://www.abodo.com/ann-arbor-mi/909-mary
265,https://www.abodo.com/ann-arbor-mi/properties/3711741
266,https://www.abodo.com/ann-arbor-mi/731-packard
267,https://www.abodo.com/ann-arbor-mi/properties/3711728
268,https://www.abodo.com/ann-arbor-mi/727-packard
269,https://www.abodo.com/ann-arbor-mi/fritz-lofts-1014-church-st
270,https://www.abodo.com/ann-arbor-mi/422-e-kingsley
271,https://www.abodo.com/ann-arbor-mi/1130-oakland-ave
272,https://www.abodo.com/ann-arbor-mi/426-e-kingsley-st
273,https://www.abodo.com/ann-arbor-mi/527-s-4th-ave
274,https://www.abodo.com/ann-arbor-mi/558-s-fifth-ave
275,https://www.abodo.com/ann-arbor-mi/211-e-madison-st
276,https://www.abodo.com/ann-arbor-mi/201-e-madison-st
277,https://www.abodo.com/ann-arbor-mi/418-e-kingsley-st
278,https://www.abodo.com/ann-arbor-mi/541-s-4th-ave
279,https://www.abodo.com/ann-arbor-mi/215-e-madison-st
280,https://www.abodo.com/ann-arbor-mi/geddes-hill-apartments
281,https://www.abodo.com/ann-arbor-mi/1015-church-st
282,https://www.abodo.com/ann-arbor-mi/peppers-properties
283,https://www.abodo.com/ann-arbor-mi/properties/706847
284,https://www.abodo.com/ann-arbor-mi/915-oakland-ave-apt-1
285,https://www.abodo.com/ann-arbor-mi/1001-s-state-st
286,https://www.abodo.com/ann-arbor-mi/318-john-street
287,https://www.abodo.com/ann-arbor-mi/912-s-forest-ave
288,https://www.abodo.com/ann-arbor-mi/915-oakland-ave-apt-3
289,https://www.abodo.com/ann-arbor-mi/523-linden-st
290,https://www.abodo.com/ann-arbor-mi/425-hill
291,https://www.abodo.com/ann-arbor-mi/515-s-4th-ave
292,https://www.abodo.com/ann-arbor-mi/521-linden-st
293,https://www.abodo.com/ann-arbor-mi/514-e-kingsley-st-apt-2
294,https://www.abodo.com/ann-arbor-mi/401-lawrence-st-apt-3
295,https://www.abodo.com/ann-arbor-mi/921-mary-st-apt-4
296,https://www.abodo.com/ann-arbor-mi/414-lawrence-st-apt-4
297,https://www.abodo.com/ann-arbor-mi/516-s-4th-ave
298,https://www.abodo.com/ann-arbor-mi/518-s-4th-ave
299,https://www.abodo.com/ann-arbor-mi/911-sybil-st
300,https://www.abodo.com/ann-arbor-mi/properties/3107268
301,https://www.abodo.com/ann-arbor-mi/401-lawrence-st-apt-1
302,https://www.abodo.com/ann-arbor-mi/517-benjamin-st
303,https://www.abodo.com/ann-arbor-mi/328-catherine
304,https://www.abodo.com/ann-arbor-mi/414-lawrence-st-apt-5
305,https://www.abodo.com/ann-arbor-mi/915-oakland-ave-apt-1a
306,https://www.abodo.com/ann-arbor-mi/315-john-st
307,https://www.abodo.com/ann-arbor-mi/507-e-kingsley-st
308,https://www.abodo.com/ann-arbor-mi/e-kingsley-st
309,https://www.abodo.com/ann-arbor-mi/745-packard
310,https://www.abodo.com/ann-arbor-mi/1619-s-university
311,https://www.abodo.com/ann-arbor-mi/553-s-fourth-ave
312,https://www.abodo.com/ann-arbor-mi/551-s-fourth-ave
313,https://www.abodo.com/ann-arbor-mi/912-sybil-st
314,https://www.abodo.com/ann-arbor-mi/817-arch-st
315,https://www.abodo.com/ann-arbor-mi/536-s-4th-ave
316,https://www.abodo.com/ann-arbor-mi/512-s-4th-ave
317,https://www.abodo.com/ann-arbor-mi/908-sybil-st
318,https://www.abodo.com/ann-arbor-mi/1026-vaughn-st
319,https://www.abodo.com/ann-arbor-mi/529-elizabeth-st
320,https://www.abodo.com/ann-arbor-mi/properties/3016891
321,https://www.abodo.com/ann-arbor-mi/537-elizabeth-st
322,https://www.abodo.com/ann-arbor-mi/822-arch-st
323,https://www.abodo.com/ann-arbor-mi/the-dean
324,https://www.abodo.com/ann-arbor-mi/1028-church-st
325,https://www.abodo.com/ann-arbor-mi/1207-cambrige-ct
326,https://www.abodo.com/ann-arbor-mi/811-s-division-st
327,https://www.abodo.com/ann-arbor-mi/1107-prospect-ave
328,https://www.abodo.com/ann-arbor-mi/1109-s-state
329,https://www.abodo.com/ann-arbor-mi/properties/3107763
330,https://www.abodo.com/ann-arbor-mi/1015-vaughn
331,https://www.abodo.com/ann-arbor-mi/1015-s-state-st-apt-1
332,https://www.abodo.com/ann-arbor-mi/1032-church-st
333,https://www.abodo.com/ann-arbor-mi/1210-cambridge-ct
334,https://www.abodo.com/ann-arbor-mi/716-arch-st
335,https://www.abodo.com/ann-arbor-mi/1023-church-st
336,https://www.abodo.com/ann-arbor-mi/511-e-hoover-ave
337,https://www.abodo.com/ann-arbor-mi/930-mary-st
338,https://www.abodo.com/ann-arbor-mi/534-n-state-st
339,https://www.abodo.com/ann-arbor-mi/411-n-division-st
340,https://www.abodo.com/ann-arbor-mi/1023-church-st
341,https://www.abodo.com/ann-arbor-mi/1015-s-state-st-apt-2
342,https://www.abodo.com/ann-arbor-mi/410-benjamin-st-unit-2
343,https://www.abodo.com/ann-arbor-mi/1020-church-st
344,https://www.abodo.com/ann-arbor-mi/911-greenwood-ave
345,https://www.abodo.com/ann-arbor-mi/212-n-5th-ave
346,https://www.abodo.com/ann-arbor-mi/properties/3515746
347,https://www.abodo.com/ann-arbor-mi/1021-church-st
348,https://www.abodo.com/ann-arbor-mi/properties/3761358
349,https://www.abodo.com/ann-arbor-mi/902-packard-st
350,https://www.abodo.com/ann-arbor-mi/715-arch-st
351,https://www.abodo.com/ann-arbor-mi/410-benjamin-st-unit-1
352,https://www.abodo.com/ann-arbor-mi/916-sybil-st-apt-1
353,https://www.abodo.com/ann-arbor-mi/934-greenwood-ave
354,https://www.abodo.com/ann-arbor-mi/properties/3747845
355,https://www.abodo.com/ann-arbor-mi/1018-vaughn-st
356,https://www.abodo.com/ann-arbor-mi/1015-s-state-st
357,https://www.abodo.com/ann-arbor-mi/724-arch
358,https://www.abodo.com/ann-arbor-mi/1027-s-forest-ave
359,https://www.abodo.com/ann-arbor-mi/1022-s-forest-ave
360,https://www.abodo.com/ann-arbor-mi/521-n-division-st
361,https://www.abodo.com/ann-arbor-mi/507-glen-ct
362,https://www.abodo.com/ann-arbor-mi/1701-hill-st
363,https://www.abodo.com/ann-arbor-mi/properties/2994796
364,https://www.abodo.com/ann-arbor-mi/505-e-hoover
365,https://www.abodo.com/ann-arbor-mi/106-w-madison-st
366,https://www.abodo.com/ann-arbor-mi/1904-geddes-ave
367,https://www.abodo.com/ann-arbor-mi/906-greenwood-ave
368,https://www.abodo.com/ann-arbor-mi/1031-michigan-ave
369,https://www.abodo.com/ann-arbor-mi/1106-s-forest-ave
370,https://www.abodo.com/ann-arbor-mi/802-arch-st
371,https://www.abodo.com/ann-arbor-mi/824-packard-st
372,https://www.abodo.com/ann-arbor-mi/331-catherine
373,https://www.abodo.com/ann-arbor-mi/1030-1032-michigan
374,https://www.abodo.com/ann-arbor-mi/1127-church-st
375,https://www.abodo.com/ann-arbor-mi/1129-white-st
376,https://www.abodo.com/ann-arbor-mi/815-packard-st
377,https://www.abodo.com/ann-arbor-mi/911-vaughn-st
378,https://www.abodo.com/ann-arbor-mi/1120-white-st
379,https://www.abodo.com/ann-arbor-mi/814-sybil-st
380,https://www.abodo.com/ann-arbor-mi/910-vaughn-st
381,https://www.abodo.com/ann-arbor-mi/properties/3515744
382,https://www.abodo.com/ann-arbor-mi/properties/2137085
383,https://www.abodo.com/ann-arbor-mi/1135-church
384,https://www.abodo.com/ann-arbor-mi/1211-roosevelt-ct
385,https://www.abodo.com/ann-arbor-mi/1133-white-st
386,https://www.abodo.com/ann-arbor-mi/1323-cambridge-road
387,https://www.abodo.com/ann-arbor-mi/910-packard-st
388,https://www.abodo.com/ann-arbor-mi/properties/1343500
389,https://www.abodo.com/ann-arbor-mi/1015-packard-apt-3
390,https://www.abodo.com/ann-arbor-mi/820-oxford-rd
391,https://www.abodo.com/ann-arbor-mi/517-s-1st-st
392,https://www.abodo.com/ann-arbor-mi/1101-church-st
393,https://www.abodo.com/ann-arbor-mi/1122-s-forest-ave
394,https://www.abodo.com/ann-arbor-mi/719-mckinley-ave
395,https://www.abodo.com/ann-arbor-mi/852-brookwood-pl
396,https://www.abodo.com/ann-arbor-mi/1908-geddes-ave
397,https://www.abodo.com/ann-arbor-mi/826-mc-kinley
398,https://www.abodo.com/ann-arbor-mi/510-benjamin-st
399,https://www.abodo.com/ann-arbor-mi/properties/3107293
400,https://www.abodo.com/ann-arbor-mi/510-benjamin-st
401,https://www.abodo.com/ann-arbor-mi/properties/3107293
402,https://www.abodo.com/ann-arbor-mi/852-brookwood-pl
403,https://www.abodo.com/ann-arbor-mi/1025-packard-st
404,https://www.abodo.com/ann-arbor-mi/504-benjamin-st
405,https://www.abodo.com/ann-arbor-mi/1213-prospect-st
406,https://www.abodo.com/ann-arbor-mi/1028-packard-st
407,https://www.abodo.com/ann-arbor-mi/1121-church-st
408,https://www.abodo.com/ann-arbor-mi/1105-church-st
409,https://www.abodo.com/ann-arbor-mi/1117-s-forest-ave
410,https://www.abodo.com/ann-arbor-mi/1208-roosevelt-ct
411,https://www.abodo.com/ann-arbor-mi/1201-white-st
412,https://www.abodo.com/ann-arbor-mi/529-n-division-st
413,https://www.abodo.com/ann-arbor-mi/1024-packard-st
414,https://www.abodo.com/ann-arbor-mi/1125-michigan-ave
415,https://www.abodo.com/ann-arbor-mi/521-n-division-st-apt-1
416,https://www.abodo.com/ann-arbor-mi/521-n-division-st-apt-3
417,https://www.abodo.com/ann-arbor-mi/409-3rd-st
418,https://www.abodo.com/ann-arbor-mi/909-packard
419,https://www.abodo.com/ann-arbor-mi/properties/3735077
420,https://www.abodo.com/ann-arbor-mi/921-packard-st
421,https://www.abodo.com/ann-arbor-mi/149-hill-st
422,https://www.abodo.com/ann-arbor-mi/1019-packard-st
423,https://www.abodo.com/ann-arbor-mi/properties/2137035
424,https://www.abodo.com/ann-arbor-mi/1114-michigan-ave
425,https://www.abodo.com/ann-arbor-mi/1118-michigan
426,https://www.abodo.com/ann-arbor-mi/1203-church
427,https://www.abodo.com/ann-arbor-mi/324-e-jefferson-st
428,https://www.abodo.com/ann-arbor-mi/211-e-kingsley-st
429,https://www.abodo.com/ann-arbor-mi/1134-s-forest-ave
430,https://www.abodo.com/ann-arbor-mi/849-brookwood-pl
431,https://www.abodo.com/ann-arbor-mi/144-hill-st
432,https://www.abodo.com/ann-arbor-mi/540-detroit-st
433,https://www.abodo.com/ann-arbor-mi/1037-packard-st
434,https://www.abodo.com/ann-arbor-mi/337-1-2-third
435,https://www.abodo.com/ann-arbor-mi/812-mckinley-ave
436,https://www.abodo.com/ann-arbor-mi/337-third
437,https://www.abodo.com/ann-arbor-mi/1119-s-forest-ave
438,https://www.abodo.com/ann-arbor-mi/1125-s-forest-ave
439,https://www.abodo.com/ann-arbor-mi/1221-s-state-st
440,https://www.abodo.com/ann-arbor-mi/133-hill-st
441,https://www.abodo.com/ann-arbor-mi/622-s-ashley-st
442,https://www.abodo.com/ann-arbor-mi/831-brookwood-pl
443,https://www.abodo.com/ann-arbor-mi/339-third
444,https://www.abodo.com/ann-arbor-mi/537-detroit-st-1
445,https://www.abodo.com/ann-arbor-mi/1140-s-forest-ave
446,https://www.abodo.com/ann-arbor-mi/921-sylvan-ave
447,https://www.abodo.com/ann-arbor-mi/1103-packard-st
448,https://www.abodo.com/ann-arbor-mi/930-packard-st
449,https://www.abodo.com/ann-arbor-mi/816-mckinley-ave
450,https://www.abodo.com/ann-arbor-mi/properties/3726225
451,https://www.abodo.com/ann-arbor-mi/1036-olivia-ave
452,https://www.abodo.com/ann-arbor-mi/1145-s-forest-ave
453,https://www.abodo.com/ann-arbor-mi/1102-packard
454,https://www.abodo.com/ann-arbor-mi/442-3rd-st
455,https://www.abodo.com/ann-arbor-mi/728-south-main
456,https://www.abodo.com/ann-arbor-mi/118-e-kingsley-st
457,https://www.abodo.com/ann-arbor-mi/811-sylvan-ave
458,https://www.abodo.com/ann-arbor-mi/211-n-ashley-st
459,https://www.abodo.com/ann-arbor-mi/723-s-main-st
460,https://www.abodo.com/ann-arbor-mi/112-adams-ave
461,https://www.abodo.com/ann-arbor-mi/208-n-1st-st
462,https://www.abodo.com/ann-arbor-mi/112-koch-st
463,https://www.abodo.com/ann-arbor-mi/properties/2947553
464,https://www.abodo.com/ann-arbor-mi/126-hill-st
465,https://www.abodo.com/ann-arbor-mi/1237-white-st
466,https://www.abodo.com/ann-arbor-mi/117-hill-st
467,https://www.abodo.com/ann-arbor-mi/111-adams-ave
468,https://www.abodo.com/ann-arbor-mi/810-sylvan-ave
469,https://www.abodo.com/ann-arbor-mi/1236-white-st
470,https://www.abodo.com/ann-arbor-mi/109-hill-st
471,https://www.abodo.com/ann-arbor-mi/903-sylvan-ave
472,https://www.abodo.com/ann-arbor-mi/221-w-mosley-st
473,https://www.abodo.com/ann-arbor-mi/220-w-ann-st-apt-3
474,https://www.abodo.com/ann-arbor-mi/708-dewey-ave
475,https://www.abodo.com/ann-arbor-mi/properties/3697922
476,https://www.abodo.com/ann-arbor-mi/208-w-ann-st-2a
477,https://www.abodo.com/ann-arbor-mi/812-brown-st
478,https://www.abodo.com/ann-arbor-mi/917-sylvan-ave
479,https://www.abodo.com/ann-arbor-mi/208-w-ann-st-1a
480,https://www.abodo.com/ann-arbor-mi/sylvan-avenue
481,https://www.abodo.com/ann-arbor-mi/118-e-kingsley
482,https://www.abodo.com/ann-arbor-mi/217-n-1st-st
483,https://www.abodo.com/ann-arbor-mi/800-s-main-st
484,https://www.abodo.com/ann-arbor-mi/1045-maiden-ln
485,https://www.abodo.com/ann-arbor-mi/214-koch-ave
486,https://www.abodo.com/ann-arbor-mi/1052-baldwin-ave
487,https://www.abodo.com/ann-arbor-mi/207-miller-ave
488,https://www.abodo.com/ann-arbor-mi/210-n-1st-st
489,https://www.abodo.com/ann-arbor-mi/203-koch-ave
490,https://www.abodo.com/ann-arbor-mi/938-dewey
491,https://www.abodo.com/ann-arbor-mi/214-n-1st-st-1
492,https://www.abodo.com/ann-arbor-mi/832-s-main-st
493,https://www.abodo.com/ann-arbor-mi/510-n-4th-ave
494,https://www.abodo.com/ann-arbor-mi/821-dewey-ave
495,https://www.abodo.com/ann-arbor-mi/912-brown-st
496,https://www.abodo.com/ann-arbor-mi/936-dewey-ave
497,https://www.abodo.com/ann-arbor-mi/1116-wells-st
498,https://www.abodo.com/ann-arbor-mi/island-drive-apartments
499,https://www.abodo.com/ann-arbor-mi/608-w-washington-st
500,https://www.abodo.com/ann-arbor-mi/810-dewey-ave
501,https://www.abodo.com/ann-arbor-mi/931-dewey-ave
502,https://www.abodo.com/ann-arbor-mi/310-n-1st-st-apt-3
503,https://www.abodo.com/ann-arbor-mi/1310-packard-st
504,https://www.abodo.com/ann-arbor-mi/properties/3099816
505,https://www.abodo.com/ann-arbor-mi/1014-woodlawn-ave
506,https://www.abodo.com/ann-arbor-mi/920-dewey
507,https://www.abodo.com/ann-arbor-mi/645-n-4th-ave
508,https://www.abodo.com/ann-arbor-mi/604-w-washington-st
509,https://www.abodo.com/ann-arbor-mi/903-dewey
510,https://www.abodo.com/ann-arbor-mi/913-dewey
511,https://www.abodo.com/ann-arbor-mi/520-n-ashley-st
512,https://www.abodo.com/ann-arbor-mi/512-n-ashley-st
513,https://www.abodo.com/ann-arbor-mi/medical-center-court
514,https://www.abodo.com/ann-arbor-mi/720-w-washinton-st
515,https://www.abodo.com/ann-arbor-mi/110-112-hoover-st
516,https://www.abodo.com/ann-arbor-mi/1109-freesia-ct
517,https://www.abodo.com/ann-arbor-mi/1404-white-st
518,https://www.abodo.com/ann-arbor-mi/1309-s-state
519,https://www.abodo.com/ann-arbor-mi/110-depot-st-a
520,https://www.abodo.com/ann-arbor-mi/403-n-state-st-4
521,https://www.abodo.com/ann-arbor-mi/1023-maiden-ln
522,https://www.abodo.com/ann-arbor-mi/1315-s-state-st
523,https://www.abodo.com/ann-arbor-mi/911-woodlawn-ave
524,https://www.abodo.com/ann-arbor-mi/1159-freesia-ct
525,https://www.abodo.com/ann-arbor-mi/granger
526,https://www.abodo.com/ann-arbor-mi/106-depot-st
527,https://www.abodo.com/ann-arbor-mi/properties/3109307
528,https://www.abodo.com/ann-arbor-mi/916-s-main-st
529,https://www.abodo.com/ann-arbor-mi/1501-s-state-street
530,https://www.abodo.com/ann-arbor-mi/723-w-madison-st
531,https://www.abodo.com/ann-arbor-mi/547-6th-st
532,https://www.abodo.com/ann-arbor-mi/1506-packard
533,https://www.abodo.com/ann-arbor-mi/1502-white-st
534,https://www.abodo.com/ann-arbor-mi/244-murray-ave
535,https://www.abodo.com/ann-arbor-mi/801-w-madison
536,https://www.abodo.com/ann-arbor-mi/1014-granger-ave
537,https://www.abodo.com/ann-arbor-mi/1307-gardner-ave
538,https://www.abodo.com/ann-arbor-mi/1517-s-state-st
539,https://www.abodo.com/ann-arbor-mi/madison-st
540,https://www.abodo.com/ann-arbor-mi/sans-souci-1036-s-main-street
541,https://www.abodo.com/ann-arbor-mi/809-w-madison-st
542,https://www.abodo.com/ann-arbor-mi/1507-white-st
543,https://www.abodo.com/ann-arbor-mi/properties/2616318
544,https://www.abodo.com/ann-arbor-mi/841-w-washington-st
545,https://www.abodo.com/ann-arbor-mi/properties/3740096
546,https://www.abodo.com/ann-arbor-mi/island-drive-ct
547,https://www.abodo.com/ann-arbor-mi/111-n-7th-st
548,https://www.abodo.com/ann-arbor-mi/306-w-keech-ave
549,https://www.abodo.com/ann-arbor-mi/401-pauline-blvd
550,https://www.abodo.com/ann-arbor-mi/1029-pontiac-trl
551,https://www.abodo.com/ann-arbor-mi/1054-s-main
552,https://www.abodo.com/ann-arbor-mi/atrio-apartment-homes-1000-w-huron
553,https://www.abodo.com/ann-arbor-mi/1408-henry-st
554,https://www.abodo.com/ann-arbor-mi/1015-w-huron
555,https://www.abodo.com/ann-arbor-mi/harmony-house
556,https://www.abodo.com/ann-arbor-mi/328-crest-ave
557,https://www.abodo.com/ann-arbor-mi/1103-w-huron-st
558,https://www.abodo.com/ann-arbor-mi/1020-w-huron-st
559,https://www.abodo.com/ann-arbor-mi/properties/3745333
560,https://www.abodo.com/ann-arbor-mi/805-spring-st
561,https://www.abodo.com/ann-arbor-mi/huron-flats-1117-w-huron
562,https://www.abodo.com/ann-arbor-mi/215-buena-vista-ave
563,https://www.abodo.com/ann-arbor-mi/261-sunset-rd
564,https://www.abodo.com/ann-arbor-mi/properties/3655063
565,https://www.abodo.com/ann-arbor-mi/229-buena-vista-ave
566,https://www.abodo.com/ann-arbor-mi/1300-broadway
567,https://www.abodo.com/ann-arbor-mi/1288-broadway
568,https://www.abodo.com/ann-arbor-mi/923-s-7th-st
569,https://www.abodo.com/ann-arbor-mi/402-snyder-ave
570,https://www.abodo.com/ann-arbor-mi/812-pauline
571,https://www.abodo.com/ann-arbor-mi/siller-terrace
572,https://www.abodo.com/ann-arbor-mi/1474-w-liberty
573,https://www.abodo.com/ann-arbor-mi/1218-w-huron-st
574,https://www.abodo.com/ann-arbor-mi/1300-w-huron-st
575,https://www.abodo.com/ann-arbor-mi/huron-towers
576,https://www.abodo.com/ann-arbor-mi/woodbury-drive
577,https://www.abodo.com/ann-arbor-mi/properties/3519799
578,https://www.abodo.com/ann-arbor-mi/state-street-village
579,https://www.abodo.com/ann-arbor-mi/woodbury-gardens-apartments-and-townhomes
580,https://www.abodo.com/ann-arbor-mi/1114-fountain-st
581,https://www.abodo.com/ann-arbor-mi/2010-ferdon-rd
582,https://www.abodo.com/ann-arbor-mi/1550-jones-dr
583,https://www.abodo.com/ann-arbor-mi/2004-ferdon-3005-brockman
584,https://www.abodo.com/ann-arbor-mi/2026-ferdon-rd
585,https://www.abodo.com/ann-arbor-mi/properties/3450053
586,https://www.abodo.com/ann-arbor-mi/properties/3519795
587,https://www.abodo.com/ann-arbor-mi/manchester-west
588,https://www.abodo.com/ann-arbor-mi/1345-jewett-st
589,https://www.abodo.com/ann-arbor-mi/822-starwick-dr
590,https://www.abodo.com/ann-arbor-mi/2041-2047-jackson-ave
591,https://www.abodo.com/ann-arbor-mi/broadview-lane
592,https://www.abodo.com/ann-arbor-mi/1061-morningside-garage-1061-morningside-garage
593,https://www.abodo.com/ann-arbor-mi/1020-traver-ct
594,https://www.abodo.com/ann-arbor-mi/broadway
595,https://www.abodo.com/ann-arbor-mi/1533-pine-valley-blvd
596,https://www.abodo.com/ann-arbor-mi/properties/3516099
597,https://www.abodo.com/ann-arbor-mi/manchester-flats
598,https://www.abodo.com/ann-arbor-mi/traver-crossing
599,https://www.abodo.com/ann-arbor-mi/manchester-flats-apartments
600,https://www.abodo.com/ann-arbor-mi/2124-abbott
601,https://www.abodo.com/ann-arbor-mi/the-ponds-at-georgetown
602,https://www.abodo.com/ann-arbor-mi/239-fieldcrest-st
603,https://www.abodo.com/ann-arbor-mi/plymouth-rd
604,https://www.abodo.com/ann-arbor-mi/275-fieldcrest-st
605,https://www.abodo.com/ann-arbor-mi/fieldcrest
606,https://www.abodo.com/ann-arbor-mi/park-place
607,https://www.abodo.com/ann-arbor-mi/hillcrest-manor
608,https://www.abodo.com/ann-arbor-mi/321-cloverdale-st
609,https://www.abodo.com/ann-arbor-mi/park-place-apartments
610,https://www.abodo.com/ann-arbor-mi/fieldcrest-st
611,https://www.abodo.com/ann-arbor-mi/state
612,https://www.abodo.com/ann-arbor-mi/orion-main-street
613,https://www.abodo.com/ann-arbor-mi/willowtree-lane
614,https://www.abodo.com/ann-arbor-mi/lake-village-dr
615,https://www.abodo.com/ann-arbor-mi/properties/2136703
616,https://www.abodo.com/ann-arbor-mi/1426-las-vegas-dr
617,https://www.abodo.com/ann-arbor-mi/washtenaw-and-arlington
618,https://www.abodo.com/ann-arbor-mi/plymouth-road
619,https://www.abodo.com/ann-arbor-mi/reserve-way
620,https://www.abodo.com/ann-arbor-mi/2869-e-eisenhower-pkwy
621,https://www.abodo.com/ann-arbor-mi/harbor-way
622,https://www.abodo.com/ann-arbor-mi/2412-n-circle-dr
623,https://www.abodo.com/ann-arbor-mi/117-w-oakbrook-dr
624,https://www.abodo.com/ann-arbor-mi/oakcliff-apartments
625,https://www.abodo.com/ann-arbor-mi/eastwind-apartments
626,https://www.abodo.com/ann-arbor-mi/harbor-house-at-ann-arbor
627,https://www.abodo.com/ann-arbor-mi/properties/738688
628,https://www.abodo.com/ann-arbor-mi/144-w-oakbrook-dr
629,https://www.abodo.com/ann-arbor-mi/properties/3759428
630,https://www.abodo.com/ann-arbor-mi/meadowbrook-village-apartments
631,https://www.abodo.com/ann-arbor-mi/brookfield-dr
632,https://www.abodo.com/ann-arbor-mi/briarcrest-condo
633,https://www.abodo.com/ann-arbor-mi/meadowbrook-village
634,https://www.abodo.com/ann-arbor-mi/3110-dexter-rd
635,https://www.abodo.com/ann-arbor-mi/properties/3372183
636,https://www.abodo.com/ann-arbor-mi/brookhaven-manor
637,https://www.abodo.com/ann-arbor-mi/1933-lindsay-ln
638,https://www.abodo.com/ann-arbor-mi/birch-hollow-dr
639,https://www.abodo.com/ann-arbor-mi/briar-cove
640,https://www.abodo.com/ann-arbor-mi/spruce-knob
641,https://www.abodo.com/ann-arbor-mi/spruce-knob-apartments
642,https://www.abodo.com/ann-arbor-mi/1877-lindsay-ln
643,https://www.abodo.com/ann-arbor-mi/birch-hollow-drive
644,https://www.abodo.com/ann-arbor-mi/properties/3519693
645,https://www.abodo.com/ann-arbor-mi/signature-club-apartments
646,https://www.abodo.com/ann-arbor-mi/woodchase
647,https://www.abodo.com/ann-arbor-mi/liberty-grand-apartment-homes
648,https://www.abodo.com/ann-arbor-mi/1236-joyce-lane
649,https://www.abodo.com/ann-arbor-mi/traver-ridge
650,https://www.abodo.com/ann-arbor-mi/2841-briarcliff-st
651,https://www.abodo.com/ann-arbor-mi/lancashire-dr
652,https://www.abodo.com/ann-arbor-mi/properties/702823
653,https://www.abodo.com/ann-arbor-mi/rosedale
654,https://www.abodo.com/ann-arbor-mi/3300-ann-arbor-saline-road
655,https://www.abodo.com/ann-arbor-mi/arbor-apartments
656,https://www.abodo.com/ann-arbor-mi/2020-bancroft-dr
657,https://www.abodo.com/ann-arbor-mi/3520-meadow-grove-trail
658,https://www.abodo.com/ann-arbor-mi/1751-scio-ridge
659,https://www.abodo.com/ann-arbor-mi/765-waterman
660,https://www.abodo.com/ann-arbor-mi/centerra-pointe
661,https://www.abodo.com/ann-arbor-mi/1378-heatherwood-ln
662,https://www.abodo.com/ann-arbor-mi/1334-heatherwood-ln
663,https://www.abodo.com/ann-arbor-mi/1365-millbrook-trl
664,https://www.abodo.com/ann-arbor-mi/green-rd
665,https://www.abodo.com/ann-arbor-mi/2741-barclay-way
666,https://www.abodo.com/ann-arbor-mi/2558-oakdale-dr
667,https://www.abodo.com/ann-arbor-mi/properties/2264253
668,https://www.abodo.com/ann-arbor-mi/windwood-dr
669,https://www.abodo.com/ann-arbor-mi/glencoe-oaks
670,https://www.abodo.com/ann-arbor-mi/4259-dexter-ann-arbor-rd
671,https://www.abodo.com/ann-arbor-mi/the-haven-of-ann-arbor
672,https://www.abodo.com/ann-arbor-mi/properties/3515894
673,https://www.abodo.com/ann-arbor-mi/glencoe-hills
674,https://www.abodo.com/ann-arbor-mi/3400-nixon-road
675,https://www.abodo.com/ann-arbor-mi/barclay-condo
676,https://www.abodo.com/ann-arbor-mi/evergreen
677,https://www.abodo.com/ann-arbor-mi/properties/706666
678,https://www.abodo.com/ann-arbor-mi/3144-turnberry
679,https://www.abodo.com/ann-arbor-mi/3051-barclay-way
